{
    "subst": {
        "border": 0.01,
        "msl": 38,
        "rate": 3,
        "p": 0.5,
        "f": 0.005714285714285714,
        "msp": 21
    },
    "passive": {
        "border": 0.0005,
        "msl": 1,
        "rate": 20,
        "p": 0,
        "f": 0,
        "msp": 7
    },
    "insert": {
        "border": 0,
        "msl": 36,
        "rate": 1,
        "p": 0.6149425287356322,
        "f": 0.41392649903288203,
        "msp": 2
    },
    "wo": {
        "border": 0.0005,
        "msl": 80,
        "rate": 1,
        "p": 0.5031847133757962,
        "f": 0.42359249329758714,
        "msp": 21
    },
    "lex": {
        "border": 0,
        "msl": 12,
        "rate": 1,
        "p": 0.6440677966101694,
        "f": 0.5899543378995432,
        "msp": 4
    },
    "deriv": {
        "border": 0,
        "msl": 1,
        "rate": 2,
        "p": 1.0,
        "f": 0.02469135802469136,
        "msp": 2
    },
    "agrcase": {
        "border": 0.05,
        "msl": 45,
        "rate": 2,
        "p": 1.0,
        "f": 0.013289036544850499,
        "msp": 21
    },
    "constr": {
        "border": 0.0005,
        "msl": 18,
        "rate": 1,
        "p": 0.5374449339207048,
        "f": 0.43224092116917623,
        "msp": 21
    },
    "translit": {
        "border": 0.0005,
        "msl": 1,
        "rate": 101,
        "p": 0,
        "f": 0,
        "msp": 2
    },
    "syntax": {
        "border": 0.0001,
        "msl": 28,
        "rate": 60,
        "p": 0.3333333333333333,
        "f": 0.026666666666666665,
        "msp": 2
    },
    "ortho": {
        "border": 0.001,
        "msl": 14,
        "rate": 1,
        "p": 0.7514995715509855,
        "f": 0.7089733225545675,
        "msp": 7
    },
    "transp": {
        "border": 0.0005,
        "msl": 1,
        "rate": 101,
        "p": 0,
        "f": 0,
        "msp": 8
    },
    "prep": {
        "border": 0.005,
        "msl": 4,
        "rate": 6,
        "p": 0.1,
        "f": 0.022222222222222227,
        "msp": 2
    },
    "tense": {
        "border": 0.05,
        "msl": 1,
        "rate": 1,
        "p": 0,
        "f": 0,
        "msp": 17
    },
    "gov_w_prep": {
        "border": 0,
        "msl": 52,
        "f": 0.04480651731160896,
        "p": 0.55,
        "rate": 3,
        "msp": 2
    },
    "num": {
        "border": 0.01,
        "msl": 60,
        "rate": 53,
        "p": 0.75,
        "f": 0.08633093525179857,
        "msp": 21
    },
    "ref": {
        "border": 0.001,
        "msl": 44,
        "rate": 1,
        "p": 0.6142857142857143,
        "f": 0.3755458515283843,
        "msp": 2
    },
    "typo": {
        "border": 0.0005,
        "msl": 1,
        "rate": 101,
        "p": 0,
        "f": 0,
        "msp": 4
    },
    "del": {
        "border": 0.001,
        "msl": 16,
        "rate": 2,
        "p": 0.5327102803738317,
        "f": 0.29193341869398204,
        "msp": 21
    },
    "morph": {
        "border": 0.001,
        "msl": 76,
        "rate": 2,
        "p": 0.6666666666666666,
        "f": 0.1176470588235294,
        "msp": 21
    },
    "graph": {
        "border": 0,
        "msl": 3,
        "rate": 1,
        "p": 0.2,
        "f": 0.03278688524590164,
        "msp": 2
    },
    "agrnum": {
        "border": 0.0001,
        "msl": 45,
        "rate": 1,
        "p": 1.0,
        "f": 0.015037593984962407,
        "msp": 2
    },
    "refl": {
        "border": 0.01,
        "msl": 6,
        "rate": 1,
        "p": 0.6774193548387096,
        "f": 0.6,
        "msp": 2
    },
    "agrgender": {
        "border": 0,
        "msl": 50,
        "rate": 1,
        "p": 0.5161290322580645,
        "f": 0.1807909604519774,
        "msp": 21
    },
    "lex_wo_conj": {
        "border": 0.05,
        "msl": 16,
        "f": 0.5516194331983805,
        "p": 0.611672278338945,
        "rate": 1,
        "msp": 5
    },
    "hyphen": {
        "border": 0,
        "msl": 82,
        "rate": 1,
        "p": 0.5866666666666667,
        "f": 0.6423357664233577,
        "msp": 2
    },
    "cs": {
        "border": 0.05,
        "msl": 2,
        "rate": 1,
        "p": 0,
        "f": 0,
        "msp": 2
    },
    "neg": {
        "border": 0,
        "msl": 3,
        "rate": 18,
        "p": 0,
        "f": 0,
        "msp": 17
    },
    "agrpers": {
        "border": 0,
        "msl": 1,
        "rate": 6,
        "p": 0,
        "f": 0,
        "msp": 2
    },
    "misspell": {
        "border": 0.05,
        "msl": 1,
        "rate": 2,
        "p": 0,
        "f": 0,
        "msp": 4
    },
    "space": {
        "border": 0.01,
        "msl": 42,
        "rate": 1,
        "p": 0.8253968253968254,
        "f": 0.7482014388489208,
        "msp": 3
    },
    "syntax_wo_others": {
        "border": 0.05,
        "msl": 26,
        "rate": 1,
        "p": 0.5,
        "f": 0.12048192771084336,
        "msp": 2
    },
    "idiom": {
        "border": 0,
        "msl": 2,
        "rate": 43,
        "p": 0,
        "f": 0,
        "msp": 5
    },
    "aux": {
        "border": 0.001,
        "msl": 39,
        "rate": 5,
        "p": 0,
        "f": 0,
        "msp": 2
    },
    "not-clear": {
        "border": 0,
        "msl": 35,
        "rate": 68,
        "p": 0.5666666666666667,
        "f": 0.15246636771300448,
        "msp": 21
    },
    "ortho_wo_others": {
        "border": 0.001,
        "msl": 1,
        "f": 0.4947209653092006,
        "p": 0.5324675324675324,
        "rate": 1,
        "msp": 19
    },
    "agrgerund": {
        "border": 0.0005,
        "msl": 1,
        "rate": 101,
        "p": 0,
        "f": 0,
        "msp": 2
    },
    "punc": {
        "border": 0.01,
        "msl": 1,
        "rate": 1,
        "p": 0.5,
        "f": 0.30769230769230765,
        "msp": 9
    },
    "asp": {
        "border": 0,
        "msl": 1,
        "rate": 1,
        "p": 0.5701754385964912,
        "f": 0.3561643835616438,
        "msp": 21
    },
    "brev": {
        "border": 0,
        "msl": 89,
        "rate": 1,
        "p": 0,
        "f": 0,
        "msp": 2
    },
    "gov": {
        "border": 0.005,
        "msl": 37,
        "rate": 19,
        "p": 0.5,
        "f": 0.009852216748768473,
        "msp": 21
    },
    "coord": {
        "border": 0.0005,
        "msl": 14,
        "rate": 101,
        "p": 0,
        "f": 0,
        "msp": 21
    },
    "par": {
        "border": 0.01,
        "msl": 70,
        "rate": 1,
        "p": 0.16666666666666666,
        "f": 0.041666666666666664,
        "msp": 2
    },
    "transfer": {
        "border": 0.0001,
        "msl": 33,
        "rate": 21,
        "p": 0.5,
        "f": 0.015267175572519083,
        "msp": 21
    },
    "conj": {
        "border": 0.001,
        "msl": 70,
        "rate": 1,
        "p": 0.7948717948717948,
        "f": 0.5723076923076923,
        "msp": 2
    },
    "infl": {
        "border": 0.001,
        "msl": 9,
        "rate": 9,
        "p": 1.0,
        "f": 0.017391304347826087,
        "msp": 21
    },
    "phon": {
        "border": 0.0005,
        "msl": 1,
        "rate": 1,
        "p": 0,
        "f": 0,
        "msp": 2
    }
}